Ours,Map's
Banas,Banda
Barabanki,Bara Banki
Baudh,Bauda
Bulandshahar,Bulandshahr
Chamarajanagar,Central
Chirag,Chikmagalur
Cuddapah,Cuddalore
Dantewada*,Daman
Dehradun(Hills),Dehradun
East  Kameng,East
East Delhi,East Garo Hills
East Sikkim,Ernakulam
Fatehgarh,Fatehpur
Gadchiroli,Ganderbal
Guwahati,Gwalior
Hathras,Mahamaya Nagar
Howrah,Hugli
Hyderabad and Rangar,Idukki
Janjgir,Jashpur
Kaimur (Bhabua),Kamrup
Kanker,Kanniyakumari
Kashiramnagar,Kaushambi
Kawardha,Kheda
Koch,Kohima
Kurungkumey,Lahul & Spiti
Lahul,Lakhisarai
Lawngtlai,Lohit
Leh,Longleng
Mahrajganj,Maldah
Nagapattinam,Nainital
Nainital(Hills),Namakkal
Nawanshahr,Nizamabad
Nellore,Dima Hasao
Nicobars,North Goa
North Cachar Hills,North West
North Delhi,Nuapada
North East Delhi,Osmanabad
North Sikkim,Palakkad
North Twenty Four Parganas,Pali
North West Delhi,Palwal
North and Middle Andamans,Panch Mahals
Pakaur,Panna
Pashchimi Singhbum,Peren
Pashim,Phek
Pondicherry,Purba Champaran
Purba Midanapur,Raipur
Purbi Singhbum,Raisen
Rajauri,Ramgarh
Ramanagar,Ratnagiri
Rangareddi,Rewari
SJAS Nagar (Mohali),Sahibzada Ajit Singh Nagar
Sabar,Saiha
Sant Ravidas Nagar,Satna
Saran,Sehore
Sawai,Serchhip
Seraikela-kharsawan,Shajapur
Sibsagar,Sikar
Siddharthnagar,Simdega
Sonapur,Sonitpur
South Andamans,South Goa
South Delhi,South Tripura
South Sikkim,Srinagar
South Twenty Four Parganas,Sundargarh
South West Delhi,Supaul
Tehri,Theni
Udham,Ukhrul
Uttara,Valsad
Virudhunagar,Wardha
West Delhi,West Khasi Hills
West Sikkim,Zunheboto
,Arwal
,Jehanabad
,Nagappattinam
,Karaikal
,Puducherry
,Yanam
,Tapi
,Nicobar
,South Andaman
,North & Middle Andaman
,Lakshadweep
